{
  "IcoMoonType": "selection",
  "icons": [
    {
      "icon": {
        "paths": [
          "M0 512c0 282.77 229.23 512 512 512s512-229.23 512-512c0-282.77-229.23-512-512-512s-512 229.23-512 512z",
          "M8.939 512c0 277.833 225.228 503.061 503.061 503.061s503.061-225.228 503.061-503.061c0-277.833-225.228-503.061-503.061-503.061s-503.061 225.228-503.061 503.061z",
          "M737.911 495.544c9.088 9.088 9.088 23.824 0 32.912l-148.108 148.108c-9.088 9.088-23.822 9.088-32.912 0-9.088-9.090-9.088-23.824 0-32.912l131.651-131.651-131.651-131.651c-9.088-9.088-9.088-23.822 0-32.912 9.090-9.088 23.824-9.088 32.912 0l148.108 148.108zM721.455 535.273h-390.095v-46.545h390.095v46.545z"
        ],
        "attrs": [
          {
            "fill": "rgb(255, 255, 255)"
          },
          {
            "fill": "none",
            "stroke": "rgb(1, 28, 68)",
            "strokeLinejoin": "miter",
            "strokeLinecap": "butt",
            "strokeMiterlimit": "4",
            "strokeWidth": 17.878737454545455
          },
          {
            "fill": "rgb(1, 28, 68)"
          }
        ],
        "isMulticolor": true,
        "isMulticolor2": true,
        "grid": 0,
        "tags": [
          "arrow-next"
        ],
        "colorPermutations": {
          "1286812552552551": [
            {
              "f": 1
            },
            {
              "s": 0
            },
            {
              "f": 0
            }
          ]
        }
      },
      "attrs": [
        {
          "fill": "rgb(255, 255, 255)"
        },
        {
          "fill": "none",
          "stroke": "rgb(1, 28, 68)",
          "strokeLinejoin": "miter",
          "strokeLinecap": "butt",
          "strokeMiterlimit": "4",
          "strokeWidth": 17.878737454545455
        },
        {
          "fill": "rgb(1, 28, 68)"
        }
      ],
      "properties": {
        "order": 11,
        "id": 1,
        "name": "arrow-next",
        "prevSize": 32
      },
      "setIdx": 0,
      "setId": 4,
      "iconIdx": 0
    },
    {
      "icon": {
        "paths": [
          "M0 512c0 282.77 229.23 512 512 512s512-229.23 512-512c0-282.77-229.23-512-512-512s-512 229.23-512 512z",
          "M8.939 512c0 277.833 225.228 503.061 503.061 503.061s503.061-225.228 503.061-503.061c0-277.833-225.228-503.061-503.061-503.061s-503.061 225.228-503.061 503.061z",
          "M314.903 528.456c-9.088-9.088-9.088-23.824 0-32.912l148.105-148.108c9.090-9.088 23.824-9.088 32.915 0 9.088 9.090 9.088 23.824 0 32.912l-131.651 131.651 131.651 131.651c9.088 9.088 9.088 23.822 0 32.912-9.090 9.088-23.824 9.088-32.915 0l-148.105-148.108zM721.455 535.273h-390.095v-46.545h390.095v46.545z"
        ],
        "attrs": [
          {
            "fill": "rgb(255, 255, 255)"
          },
          {
            "fill": "none",
            "stroke": "rgb(1, 28, 68)",
            "strokeLinejoin": "miter",
            "strokeLinecap": "butt",
            "strokeMiterlimit": "4",
            "strokeWidth": 17.878737454545455
          },
          {
            "fill": "rgb(1, 28, 68)"
          }
        ],
        "isMulticolor": true,
        "isMulticolor2": true,
        "grid": 0,
        "tags": [
          "arrow-prev"
        ],
        "colorPermutations": {
          "1286812552552551": [
            {
              "f": 1
            },
            {
              "s": 0
            },
            {
              "f": 0
            }
          ]
        }
      },
      "attrs": [
        {
          "fill": "rgb(255, 255, 255)"
        },
        {
          "fill": "none",
          "stroke": "rgb(1, 28, 68)",
          "strokeLinejoin": "miter",
          "strokeLinecap": "butt",
          "strokeMiterlimit": "4",
          "strokeWidth": 17.878737454545455
        },
        {
          "fill": "rgb(1, 28, 68)"
        }
      ],
      "properties": {
        "order": 10,
        "id": 0,
        "name": "arrow-prev",
        "prevSize": 32
      },
      "setIdx": 0,
      "setId": 4,
      "iconIdx": 1
    }
  ],
  "height": 1024,
  "preferences": {
    "showGlyphs": true,
    "showQuickUse": true,
    "showQuickUse2": true,
    "showSVGs": true,
    "fontPref": {
      "prefix": "icon-",
      "metadata": {
        "fontFamily": "icomoon"
      },
      "metrics": {
        "emSize": 1024,
        "baseline": 6.25,
        "whitespace": 50
      },
      "embed": false
    },
    "imagePref": {
      "prefix": "",
      "png": true,
      "useClassSelector": true,
      "color": 0,
      "bgColor": 16777215,
      "classSelector": ".icon",
      "name": "icon-close",
      "height": 32,
      "columns": 16,
      "margin": 16
    },
    "historySize": 50,
    "showCodes": true,
    "gridSize": 16
  }
}